5,OVERSIZE COLLARLESS Shirt
67,WIDE-NECK Jacket
31,SHIRT Dress
63,EXTRA SHORT CASUAL Jacket
7,SLEAVELESS BASIC Shirt
60,DOUBLE BRESTED Blazer
62,PIECES Blazer
69,ESSENTIAL Blazer
10,COLLARLESS BASIC Shirt
39,CLASSIC pant
18,BASIC Shirt
35,PLEATED Jumpsuit
9,COLLARLESS SLEAVELESS BASIC Shirt
32,GATHERED Dress
44,CASUAL Pant
17,RELAXED Shirt
64,CASUAL Jacket
61,DOUBLE BRESTED Blazer
15,RELAXED Shirt
34,V-NECK Jumpsuit
2,STRAP Top
38,Long Buttoned Skirt 
30,SHIRT Dress
29,SLIP Dress
23,SEMI TURTLENECK T-Shirt
37,Long Buttoned Skirt 
36,PLEATED Jumpsuit
51,PALAZZO Pant
11,BUTTONED Top
22,BASIC Shirt
47,WIDE LEG Pant
56,SPORT CASUAL Pant
3,70's Shirt
4,GATEHRED V-NECK Shirt
6,OVERSIZE COLLARLESS Shirt
20,BASIC Shirt
49,LOOSE Pant
33,V-NECK Jumpsuit
1,STRAP Top
16,RELAXED Shirt
57,BERMUDA Pants
71,HOODED Jacket
50,LOOSE Pant
48,STRAIGHT LEG Pant
46,PLEATED Pant
40,CLASSIC pant
58,WAIST BAND PALAZZO Pants
52,FLARED Pants
43,CASUAL pant
72,OVERALL Jacket
74,SHOULDER BAG
53,FLARED Pants
75,HAND BAG
41,BARREL Pant
43A,CASUAL Pant
19,BASIC Shirt
27,TANK Dress
59,WAIST BAND PALAZZO Pants
28,COCKTAIL Dress
70,3 7 SLEEVE Jacket
65,LONCH TRENCH Jacket
21,CROSSED Top
